ಸಂಖ್ಯೆ,ರಾಗದ ಹೆಸರು,ಚಕ್ರ,ಆರೋಹಣಂ,ಅವರೋಹಣಂ
1,ಕನಕಾಂಗಿ,ಇಂದು,ಸ ರಿ₁ ಗ₁ ಮ₁ ಪ ದ₁ ನಿ₁ ಸ°,ಸ° ನಿ₁ ದ₁ ಪ ಮ₁ ಗ₁ ರಿ₁ ಸ
2,ರತ್ನಾಂಗಿ,ಇಂದು,ಸ ರಿ₁ ಗ₁ ಮ₁ ಪ ದ₁ ನಿ₂ ಸ°,ಸ° ನಿ₂ ದ₁ ಪ ಮ₁ ಗ₁ ರಿ₁ ಸ
3,ಗಾನಮೂರ್ತಿ,ಇಂದು,ಸ ರಿ₁ ಗ₁ ಮ₁ ಪ ದ₁ ನಿ₃ ಸ°,ಸ° ನಿ₃ ದ₁ ಪ ಮ₁ ಗ₁ ರಿ₁ ಸ
4,ವನಸ್ಪತಿ,ಇಂದು,ಸ ರಿ₁ ಗ₁ ಮ₁ ಪ ದ₂ ನಿ₂ ಸ°,ಸ° ನಿ₂ ದ₂ ಪ ಮ₁ ಗ₁ ರಿ₁ ಸ
5,ಮಾನವತಿ,ಇಂದು,ಸ ರಿ₁ ಗ₁ ಮ₁ ಪ ದ₂ ನಿ₃ ಸ°,ಸ° ನಿ₃ ದ₂ ಪ ಮ₁ ಗ₁ ರಿ₁ ಸ
6,ತಾನರೂಪಿ,ಇಂದು,ಸ ರಿ₁ ಗ₁ ಮ₁ ಪ ದ₃ ನಿ₃ ಸ°,ಸ° ನಿ₃ ದ₃ ಪ ಮ₁ ಗ₁ ರಿ₁ ಸ
7,ಸೇನಾವತಿ,ನೇತ್ರ,ಸ ರಿ₁ ಗ₂ ಮ₁ ಪ ದ₁ ನಿ₁ ಸ°,ಸ° ನಿ₁ ದ₁ ಪ ಮ₁ ಗ₂ ರಿ₁ ಸ
8,ಹನುಮತೋಡಿ,ನೇತ್ರ,ಸ ರಿ₁ ಗ₂ ಮ₁ ಪ ದ₁ ನಿ₂ ಸ°,ಸ° ನಿ₂ ದ₁ ಪ ಮ₁ ಗ₂ ರಿ₁ ಸ
9,ಧೇನುಕ,ನೇತ್ರ,ಸ ರಿ₁ ಗ₂ ಮ₁ ಪ ದ₁ ನಿ₃ ಸ°,ಸ° ನಿ₃ ದ₁ ಪ ಮ₁ ಗ₂ ರಿ₁ ಸ
10,ನಾಟಕಪ್ರಿಯಾ,ನೇತ್ರ,ಸ ರಿ₁ ಗ₂ ಮ₁ ಪ ದ₂ ನಿ₂ ಸ°,ಸ° ನಿ₂ ದ₂ ಪ ಮ₁ ಗ₂ ರಿ₁ ಸ
11,ಕೋಕಿಲಪ್ರಿಯಾ,ನೇತ್ರ,ಸ ರಿ₁ ಗ₂ ಮ₁ ಪ ದ₂ ನಿ₃ ಸ°,ಸ° ನಿ₃ ದ₂ ಪ ಮ₁ ಗ₂ ರಿ₁ ಸ
12,ರೂಪವತಿ,ನೇತ್ರ,ಸ ರಿ₁ ಗ₂ ಮ₁ ಪ ದ₃ ನಿ₃ ಸ°,ಸ° ನಿ₃ ದ₃ ಪ ಮ₁ ಗ₂ ರಿ₁ ಸ
13,ಗಾಯಕಪ್ರಿಯಾ,ಅಗ್ನಿ,ಸ ರಿ₁ ಗ₃ ಮ₁ ಪ ದ₁ ನಿ₁ ಸ°,ಸ° ನಿ₁ ದ₁ ಪ ಮ₁ ಗ₃ ರಿ₁ ಸ
14,ವಕುಳಾಭರಣಂ,ಅಗ್ನಿ,ಸ ರಿ₁ ಗ₃ ಮ₁ ಪ ದ₁ ನಿ₂ ಸ°,ಸ° ನಿ₂ ದ₁ ಪ ಮ₁ ಗ₃ ರಿ₁ ಸ
15,ಮಾಯಾಮಾಳವ ಗೌಳ,ಅಗ್ನಿ,ಸ ರಿ₁ ಗ₃ ಮ₁ ಪ ದ₁ ನಿ₃ ಸ°,ಸ° ನಿ₃ ದ₁ ಪ ಮ₁ ಗ₃ ರಿ₁ ಸ
16,ಚಕ್ರವಾಕಂ,ಅಗ್ನಿ,ಸ ರಿ₁ ಗ₃ ಮ₁ ಪ ದ₂ ನಿ₂ ಸ°,ಸ° ನಿ₂ ದ₂ ಪ ಮ₁ ಗ₃ ರಿ₁ ಸ
17,ಸೂರ್ಯಕಾಂತಂ,ಅಗ್ನಿ,ಸ ರಿ₁ ಗ₃ ಮ₁ ಪ ದ₂ ನಿ₃ ಸ°,ಸ° ನಿ₃ ದ₂ ಪ ಮ₁ ಗ₃ ರಿ₁ ಸ
18,ಹಾಟಕಾಂಬರಿ,ಅಗ್ನಿ,ಸ ರಿ₁ ಗ₃ ಮ₁ ಪ ದ₃ ನಿ₃ ಸ°,ಸ° ನಿ₃ ದ₃ ಪ ಮ₁ ಗ₃ ರಿ₁ ಸ
19,ಝಂಕಾರಧ್ವನಿ,ವೇದ,ಸ ರಿ₂ ಗ₂ ಮ₁ ಪ ದ₁ ನಿ₁ ಸ°,ಸ° ನಿ₁ ದ₁ ಪ ಮ₁ ಗ₂ ರಿ₂ ಸ
20,ನಠಭೈರವಿ,ವೇದ,ಸ ರಿ₂ ಗ₂ ಮ₁ ಪ ದ₁ ನಿ₂ ಸ°,ಸ° ನಿ₂ ದ₁ ಪ ಮ₁ ಗ₂ ರಿ₂ ಸ
21,ಕೀರವಾಣಿ,ವೇದ,ಸ ರಿ₂ ಗ₂ ಮ₁ ಪ ದ₁ ನಿ₃ ಸ°,ಸ° ನಿ₃ ದ₁ ಪ ಮ₁ ಗ₂ ರಿ₂ ಸ
22,ಖರಹರಪ್ರಿಯಾ,ವೇದ,ಸ ರಿ₂ ಗ₂ ಮ₁ ಪ ದ₂ ನಿ₂ ಸ°,ಸ° ನಿ₂ ದ₂ ಪ ಮ₁ ಗ₂ ರಿ₂ ಸ
23,ಗೌರೀಮನೋಹರಿ,ವೇದ,ಸ ರಿ₂ ಗ₂ ಮ₁ ಪ ದ₂ ನಿ₃ ಸ°,ಸ° ನಿ₃ ದ₂ ಪ ಮ₁ ಗ₂ ರಿ₂ ಸ
24,ವರುಣಪ್ರಿಯಾ,ವೇದ,ಸ ರಿ₂ ಗ₂ ಮ₁ ಪ ದ₃ ನಿ₃ ಸ°,ಸ° ನಿ₃ ದ₃ ಪ ಮ₁ ಗ₂ ರಿ₂ ಸ
25,ಮಾರರಂಜನಿ,ಬಾಣ,ಸ ರಿ₂ ಗ₃ ಮ₁ ಪ ದ₁ ನಿ₁ ಸ°,ಸ° ನಿ₁ ದ₁ ಪ ಮ₁ ಗ₃ ರಿ₂ ಸ
26,ಚಾರುಕೇಶಿ,ಬಾಣ,ಸ ರಿ₂ ಗ₃ ಮ₁ ಪ ದ₁ ನಿ₂ ಸ°,ಸ° ನಿ₂ ದ₁ ಪ ಮ₁ ಗ₃ ರಿ₂ ಸ
27,ಸರಸಾಂಗಿ,ಬಾಣ,ಸ ರಿ₂ ಗ₃ ಮ₁ ಪ ದ₁ ನಿ₃ ಸ°,ಸ° ನಿ₃ ದ₁ ಪ ಮ₁ ಗ₃ ರಿ₂ ಸ
28,ಹರಿಕಾಂಭೋಜಿ,ಬಾಣ,ಸ ರಿ₂ ಗ₃ ಮ₁ ಪ ದ₂ ನಿ₂ ಸ°,ಸ° ನಿ₂ ದ₂ ಪ ಮ₁ ಗ₃ ರಿ₂ ಸ
29,ಧೀರಶಂಕರಾಭರಣಂ,ಬಾಣ,ಸ ರಿ₂ ಗ₃ ಮ₁ ಪ ದ₂ ನಿ₃ ಸ°,ಸ° ನಿ₃ ದ₂ ಪ ಮ₁ ಗ₃ ರಿ₂ ಸ
30,ನಾಗಾನಂದಿನಿ,ಬಾಣ,ಸ ರಿ₂ ಗ₃ ಮ₁ ಪ ದ₃ ನಿ₃ ಸ°,ಸ° ನಿ₃ ದ₃ ಪ ಮ₁ ಗ₃ ರಿ₂ ಸ
31,ಯಾಗಪ್ರಿಯಾ,ಋತು,ಸ ರಿ₃ ಗ₃ ಮ₁ ಪ ದ₁ ನಿ₁ ಸ°,ಸ° ನಿ₁ ದ₁ ಪ ಮ₁ ಗ₃ ರಿ₃ ಸ
32,ರಾಗವರ್ಧಿನಿ,ಋತು,ಸ ರಿ₃ ಗ₃ ಮ₁ ಪ ದ₁ ನಿ₂ ಸ°,ಸ° ನಿ₂ ದ₁ ಪ ಮ₁ ಗ₃ ರಿ₃ ಸ
33,ಗಾಂಗೇಯಭೂಷಿಣಿ,ಋತು,ಸ ರಿ₃ ಗ₃ ಮ₁ ಪ ದ₁ ನಿ₃ ಸ°,ಸ° ನಿ₃ ದ₁ ಪ ಮ₁ ಗ₃ ರಿ₃ ಸ
34,ವಾಗಧೀಶ್ವರಿ,ಋತು,ಸ ರಿ₃ ಗ₃ ಮ₁ ಪ ದ₂ ನಿ₂ ಸ°,ಸ° ನಿ₂ ದ₂ ಪ ಮ₁ ಗ₃ ರಿ₃ ಸ
35,ಶೂಲಿನಿ,ಋತು,ಸ ರಿ₃ ಗ₃ ಮ₁ ಪ ದ₂ ನಿ₃ ಸ°,ಸ° ನಿ₃ ದ₂ ಪ ಮ₁ ಗ₃ ರಿ₃ ಸ
36,ಚಲನಾಟ,ಋತು,ಸ ರಿ₃ ಗ₃ ಮ₁ ಪ ದ₃ ನಿ₃ ಸ°,ಸ° ನಿ₃ ದ₃ ಪ ಮ₁ ಗ₃ ರಿ₃ ಸ
37,ಸಾಲಗಂ,ಋಷಿ,ಸ ರಿ₁ ಗ₁ ಮ₂ ಪ ದ₁ ನಿ₁ ಸ°,ಸ° ನಿ₁ ದ₁ ಪ ಮ₂ ಗ₁ ರಿ₁ ಸ
38,ಜಲಾರ್ಣವಂ,ಋಷಿ,ಸ ರಿ₁ ಗ₁ ಮ₂ ಪ ದ₁ ನಿ₂ ಸ°,ಸ° ನಿ₂ ದ₁ ಪ ಮ₂ ಗ₁ ರಿ₁ ಸ
39,ಝಾಲವರಾಳಿ,ಋಷಿ,ಸ ರಿ₁ ಗ₁ ಮ₂ ಪ ದ₁ ನಿ₃ ಸ°,ಸ° ನಿ₃ ದ₁ ಪ ಮ₂ ಗ₁ ರಿ₁ ಸ
40,ನವನೀತಂ,ಋಷಿ,ಸ ರಿ₁ ಗ₁ ಮ₂ ಪ ದ₂ ನಿ₂ ಸ°,ಸ° ನಿ₂ ದ₂ ಪ ಮ₂ ಗ₁ ರಿ₁ ಸ
41,ಪಾವನಿ,ಋಷಿ,ಸ ರಿ₁ ಗ₁ ಮ₂ ಪ ದ₂ ನಿ₃ ಸ°,ಸ° ನಿ₃ ದ₂ ಪ ಮ₂ ಗ₁ ರಿ₁ ಸ
42,ರಘುಪ್ರಿಯಾ,ಋಷಿ,ಸ ರಿ₁ ಗ₁ ಮ₂ ಪ ದ₃ ನಿ₃ ಸ°,ಸ° ನಿ₃ ದ₃ ಪ ಮ₂ ಗ₁ ರಿ₁ ಸ
43,ಗವಾಂಬೋಧಿ,ವಸು,ಸ ರಿ₁ ಗ₂ ಮ₂ ಪ ದ₁ ನಿ₁ ಸ°,ಸ° ನಿ₁ ದ₁ ಪ ಮ₂ ಗ₂ ರಿ₁ ಸ
44,ಭವಪ್ರಿಯಾ,ವಸು,ಸ ರಿ₁ ಗ₂ ಮ₂ ಪ ದ₁ ನಿ₂ ಸ°,ಸ° ನಿ₂ ದ₁ ಪ ಮ₂ ಗ₂ ರಿ₁ ಸ
45,ಶುಭಪಂತುವರಾಳಿ,ವಸು,ಸ ರಿ₁ ಗ₂ ಮ₂ ಪ ದ₁ ನಿ₃ ಸ°,ಸ° ನಿ₃ ದ₁ ಪ ಮ₂ ಗ₂ ರಿ₁ ಸ
46,ಷಡ್ವಿಧಮಾರ್ಗಿಣಿ,ವಸು,ಸ ರಿ₁ ಗ₂ ಮ₂ ಪ ದ₂ ನಿ₂ ಸ°,ಸ° ನಿ₂ ದ₂ ಪ ಮ₂ ಗ₂ ರಿ₁ ಸ
47,ಸುವರ್ಣಾಂಗಿ,ವಸು,ಸ ರಿ₁ ಗ₂ ಮ₂ ಪ ದ₂ ನಿ₃ ಸ°,ಸ° ನಿ₃ ದ₂ ಪ ಮ₂ ಗ₂ ರಿ₁ ಸ
48,ದಿವ್ಯಮಣಿ,ವಸು,ಸ ರಿ₁ ಗ₂ ಮ₂ ಪ ದ₃ ನಿ₃ ಸ°,ಸ° ನಿ₃ ದ₃ ಪ ಮ₂ ಗ₂ ರಿ₁ ಸ
49,ಧವಳಾಂಬರಿ,ಬ್ರಹ್ಮ,ಸ ರಿ₁ ಗ₃ ಮ₂ ಪ ದ₁ ನಿ₁ ಸ°,ಸ° ನಿ₁ ದ₁ ಪ ಮ₂ ಗ₃ ರಿ₁ ಸ
50,ನಾಮನಾರಾಯಣಿ,ಬ್ರಹ್ಮ,ಸ ರಿ₁ ಗ₃ ಮ₂ ಪ ದ₁ ನಿ₂ ಸ°,ಸ° ನಿ₂ ದ₁ ಪ ಮ₂ ಗ₃ ರಿ₁ ಸ
51,ಕಾಮವರ್ಧನಿ,ಬ್ರಹ್ಮ,ಸ ರಿ₁ ಗ₃ ಮ₂ ಪ ದ₁ ನಿ₃ ಸ°,ಸ° ನಿ₃ ದ₁ ಪ ಮ₂ ಗ₃ ರಿ₁ ಸ
52,ರಾಮಪ್ರಿಯಾ,ಬ್ರಹ್ಮ,ಸ ರಿ₁ ಗ₃ ಮ₂ ಪ ದ₂ ನಿ₂ ಸ°,ಸ° ನಿ₂ ದ₂ ಪ ಮ₂ ಗ₃ ರಿ₁ ಸ
53,ಗಮನಾಶ್ರಮ,ಬ್ರಹ್ಮ,ಸ ರಿ₁ ಗ₃ ಮ₂ ಪ ದ₂ ನಿ₃ ಸ°,ಸ° ನಿ₃ ದ₂ ಪ ಮ₂ ಗ₃ ರಿ₁ ಸ
54,ವಿಶ್ವಂಬರಿ,ಬ್ರಹ್ಮ,ಸ ರಿ₁ ಗ₃ ಮ₂ ಪ ದ₃ ನಿ₃ ಸ°,ಸ° ನಿ₃ ದ₃ ಪ ಮ₂ ಗ₃ ರಿ₁ ಸ
55,ಶಾಮಳಾಂಗಿ,ದಿಸಿ,ಸ ರಿ₂ ಗ₂ ಮ₂ ಪ ದ₁ ನಿ₁ ಸ°,ಸ° ನಿ₁ ದ₁ ಪ ಮ₂ ಗ₂ ರಿ₂ ಸ
56,ಷಣ್ಮುಖಪ್ರಿಯಾ,ದಿಸಿ,ಸ ರಿ₂ ಗ₂ ಮ₂ ಪ ದ₁ ನಿ₂ ಸ°,ಸ° ನಿ₂ ದ₁ ಪ ಮ₂ ಗ₂ ರಿ₂ ಸ
57,ಸಿಮ್ಹೇದ್ರಮಧ್ಯಮಂ,ದಿಸಿ,ಸ ರಿ₂ ಗ₂ ಮ₂ ಪ ದ₁ ನಿ₃ ಸ°,ಸ° ನಿ₃ ದ₁ ಪ ಮ₂ ಗ₂ ರಿ₂ ಸ
58,ಹೇಮಾವತಿ,ದಿಸಿ,ಸ ರಿ₂ ಗ₂ ಮ₂ ಪ ದ₂ ನಿ₂ ಸ°,ಸ° ನಿ₂ ದ₂ ಪ ಮ₂ ಗ₂ ರಿ₂ ಸ
59,ಧರ್ಮಾವತಿ,ದಿಸಿ,ಸ ರಿ₂ ಗ₂ ಮ₂ ಪ ದ₂ ನಿ₃ ಸ°,ಸ° ನಿ₃ ದ₂ ಪ ಮ₂ ಗ₂ ರಿ₂ ಸ
60,ನೀತಿಮತಿ,ದಿಸಿ,ಸ ರಿ₂ ಗ₂ ಮ₂ ಪ ದ₃ ನಿ₃ ಸ°,ಸ° ನಿ₃ ದ₃ ಪ ಮ₂ ಗ₂ ರಿ₂ ಸ
61,ಕಾಂತಾಮಣಿ,ರುದ್ರ,ಸ ರಿ₂ ಗ₃ ಮ₂ ಪ ದ₁ ನಿ₁ ಸ°,ಸ° ನಿ₁ ದ₁ ಪ ಮ₂ ಗ₃ ರಿ₂ ಸ
62,ರಿಷಭಪ್ರಿಯಾ,ರುದ್ರ,ಸ ರಿ₂ ಗ₃ ಮ₂ ಪ ದ₁ ನಿ₂ ಸ°,ಸ° ನಿ₂ ದ₁ ಪ ಮ₂ ಗ₃ ರಿ₂ ಸ
63,ಲತಾಂಗಿ,ರುದ್ರ,ಸ ರಿ₂ ಗ₃ ಮ₂ ಪ ದ₁ ನಿ₃ ಸ°,ಸ° ನಿ₃ ದ₁ ಪ ಮ₂ ಗ₃ ರಿ₂ ಸ
64,ವಾಚಸ್ಪತಿ,ರುದ್ರ,ಸ ರಿ₂ ಗ₃ ಮ₂ ಪ ದ₂ ನಿ₂ ಸ°,ಸ° ನಿ₂ ದ₂ ಪ ಮ₂ ಗ₃ ರಿ₂ ಸ
65,ಮೇಚಕಲ್ಯಾಣಿ,ರುದ್ರ,ಸ ರಿ₂ ಗ₃ ಮ₂ ಪ ದ₂ ನಿ₃ ಸ°,ಸ° ನಿ₃ ದ₂ ಪ ಮ₂ ಗ₃ ರಿ₂ ಸ
66,ಚಿತ್ರಾಂಬರಿ,ರುದ್ರ,ಸ ರಿ₂ ಗ₃ ಮ₂ ಪ ದ₃ ನಿ₃ ಸ°,ಸ° ನಿ₃ ದ₃ ಪ ಮ₂ ಗ₃ ರಿ₂ ಸ
67,ಸುಚರಿತ್ರ,ಆದಿತ್ಯ,ಸ ರಿ₃ ಗ₃ ಮ₂ ಪ ದ₁ ನಿ₁ ಸ°,ಸ° ನಿ₁ ದ₁ ಪ ಮ₂ ಗ₃ ರಿ₃ ಸ
68,ಜ್ಯೋತಿಸ್ವರೂಪಿಣಿ,ಆದಿತ್ಯ,ಸ ರಿ₃ ಗ₃ ಮ₂ ಪ ದ₁ ನಿ₂ ಸ°,ಸ° ನಿ₂ ದ₁ ಪ ಮ₂ ಗ₃ ರಿ₃ ಸ
69,ಧಾತುವರ್ಧನಿ,ಆದಿತ್ಯ,ಸ ರಿ₃ ಗ₃ ಮ₂ ಪ ದ₁ ನಿ₃ ಸ°,ಸ° ನಿ₃ ದ₁ ಪ ಮ₂ ಗ₃ ರಿ₃ ಸ
70,ನಾಸಿಕಾಭೂಷಿಣಿ,ಆದಿತ್ಯ,ಸ ರಿ₃ ಗ₃ ಮ₂ ಪ ದ₂ ನಿ₂ ಸ°,ಸ° ನಿ₂ ದ₂ ಪ ಮ₂ ಗ₃ ರಿ₃ ಸ
71,ಕೋಸಲಂ,ಆದಿತ್ಯ,ಸ ರಿ₃ ಗ₃ ಮ₂ ಪ ದ₂ ನಿ₃ ಸ°,ಸ° ನಿ₃ ದ₂ ಪ ಮ₂ ಗ₃ ರಿ₃ ಸ
72,ರಸಿಕಪ್ರಿಯಾ,ಆದಿತ್ಯ,ಸ ರಿ₃ ಗ₃ ಮ₂ ಪ ದ₃ ನಿ₃ ಸ°,ಸ° ನಿ₃ ದ₃ ಪ ಮ₂ ಗ₃ ರಿ₃ ಸ
